INSERT INTO Customer (customerName, recordStatus)
VALUES
    ('Dogan Kilotlari',1),
    ('Tolga Dinlenme tesisleri', 1),
    ('Patates', 1),
    ('Mert tellak federasyonu', 0);
INSERT INTO Tenant (customer, tenantID, recordStatus, tenantName, tenantType, adminEmail, localeDefault)
VALUES
    ('10000000', 'DKDEV',1,'Dogan Kilotlari DEV',3,'test@egemen.dk','en_GB'),
    ('10000000', 'DKTEST',1,'Dogan Kilotlari TEST',2,'test@egemen.dk','en_GB'),
    ('10000000', 'DKPROD',1,'Dogan Kilotlari',1,'test@egemen.dk','en_GB'),
    ('10000001', 'TDSDEV',1,'Tolga Dinlenme tesisleri',3,'test@egemen.dk','en_GB'),
    ('10000001', 'TDSTEST',1,'Tolga Dinlenme tesisleri',2,'test@egemen.dk','en_GB'),
    ('10000001', 'TDSPROD',1,'Tolga Dinlenme tesisleri',1,'test@egemen.dk','en_GB'),
    ('10000002', 'PTTDEV',1,'Patates DEV',3,'test@egemen.dk','en_GB'),
    ('10000002', 'PTTTEST',1,'Patates TEST',2,'test@egemen.dk','en_GB'),
    ('10000002', 'PTTPROD',1,'Patates',1,'test@egemen.dk','en_GB'),
    ('10000003', 'MTFDEV',0,'Mert tellak federasyonu DEV',3,'test@egemen.dk','en_GB'),
    ('10000003', 'MTFTEST',0,'Mert tellak federasyonu TEST',2,'test@egemen.dk','en_GB'),
    ('10000003', 'MTFPROD',0,'Mert tellak federasyonu',1,'test@egemen.dk','en_GB');
INSERT INTO LocaleEnabled
VALUES
    ('en_GB',(SELECT internalId FROM Tenant WHERE tenantID = 'DKDEV')),
    ('en_GB',(SELECT internalId FROM Tenant WHERE tenantID = 'DKTEST')),
    ('en_GB',(SELECT internalId FROM Tenant WHERE tenantID = 'DKPROD')),
    ('en_GB',(SELECT internalId FROM Tenant WHERE tenantID = 'TDSDEV')),
    ('en_GB',(SELECT internalId FROM Tenant WHERE tenantID = 'TDSTEST')),
    ('en_GB',(SELECT internalId FROM Tenant WHERE tenantID = 'TDSPROD')),
    ('en_GB',(SELECT internalId FROM Tenant WHERE tenantID = 'PTTDEV')),
    ('en_GB',(SELECT internalId FROM Tenant WHERE tenantID = 'PTTTEST')),
    ('en_GB',(SELECT internalId FROM Tenant WHERE tenantID = 'PTTPROD')),
    ('en_GB',(SELECT internalId FROM Tenant WHERE tenantID = 'MTFDEV')),
    ('en_GB',(SELECT internalId FROM Tenant WHERE tenantID = 'MTFTEST')),
    ('en_GB',(SELECT internalId FROM Tenant WHERE tenantID = 'MTFPROD'));
INSERT INTO Company (tenant,externalId,name,localeDefault,recordStatus)
VALUES
    ((SELECT internalId FROM Tenant WHERE tenantID = 'DKDEV'),'SS01','Special A/S','en_GB',1),
    ((SELECT internalId FROM Tenant WHERE tenantID = 'DKTEST'),'SS02','Special A/S','en_GB',1),
    ((SELECT internalId FROM Tenant WHERE tenantID = 'DKPROD'),'SS03','Special A/S','en_GB',1),
    ((SELECT internalId FROM Tenant WHERE tenantID = 'TDSDEV'),'SS04','Special A/S','en_GB',1),
    ((SELECT internalId FROM Tenant WHERE tenantID = 'TDSTEST'),'SS05','Special A/S','en_GB',1),
    ((SELECT internalId FROM Tenant WHERE tenantID = 'TDSPROD'),'SS06','Special A/S','en_GB',1),
    ((SELECT internalId FROM Tenant WHERE tenantID = 'PTTDEV'),'SS07','Special A/S','en_GB',1),
    ((SELECT internalId FROM Tenant WHERE tenantID = 'PTTTEST'),'SS08','Special A/S','en_GB',1),
    ((SELECT internalId FROM Tenant WHERE tenantID = 'PTTPROD'),'SS09','Special A/S','en_GB',1),
    ((SELECT internalId FROM Tenant WHERE tenantID = 'MTFDEV'),'SS10','Special A/S','en_GB',1),
    ((SELECT internalId FROM Tenant WHERE tenantID = 'MTFTEST'),'SS11','Special A/S','en_GB',1),
    ((SELECT internalId FROM Tenant WHERE tenantID = 'MTFPROD'),'SS12','Special A/S','en_GB',1);
INSERT INTO CountryToCompany
VALUES
    ('DNK',(SELECT internalId FROM Company where externalId = 'SS01')),
    ('DNK',(SELECT internalId FROM Company WHERE externalId = 'SS02')),
    ('DNK',(SELECT internalId FROM Company WHERE externalId = 'SS03')),
    ('DNK',(SELECT internalId FROM Company WHERE externalId = 'SS04')),
    ('DNK',(SELECT internalId FROM Company WHERE externalId = 'SS05')),
    ('DNK',(SELECT internalId FROM Company WHERE externalId = 'SS06')),
    ('DNK',(SELECT internalId FROM Company WHERE externalId = 'SS07')),
    ('DNK',(SELECT internalId FROM Company WHERE externalId = 'SS08')),
    ('DNK',(SELECT internalId FROM Company WHERE externalId = 'SS09')),
    ('DNK',(SELECT internalId FROM Company WHERE externalId = 'SS10')),
    ('DNK',(SELECT internalId FROM Company WHERE externalId = 'SS11')),
    ('DNK',(SELECT internalId FROM Company WHERE externalId = 'SS12'));
INSERT INTO Person (tenant,personId,localeDecision)
VALUES
    ((SELECT internalId FROM Tenant WHERE tenantID = 'DKDEV'),'12345678','en_GB'),
    ((SELECT internalId FROM Tenant WHERE tenantID = 'DKTEST'),'12345678','en_GB'),
    ((SELECT internalId FROM Tenant WHERE tenantID = 'DKPROD'),'12345678','en_GB'),
    ((SELECT internalId FROM Tenant WHERE tenantID = 'TDSDEV'),'12345678','en_GB'),
    ((SELECT internalId FROM Tenant WHERE tenantID = 'TDSTEST'),'12345678','en_GB'),
    ((SELECT internalId FROM Tenant WHERE tenantID = 'TDSPROD'),'12345678','en_GB'),
    ((SELECT internalId FROM Tenant WHERE tenantID = 'PTTDEV'),'12345678','en_GB'),
    ((SELECT internalId FROM Tenant WHERE tenantID = 'PTTTEST'),'12345678','en_GB'),
    ((SELECT internalId FROM Tenant WHERE tenantID = 'PTTPROD'),'12345678','en_GB'),
    ((SELECT internalId FROM Tenant WHERE tenantID = 'MTFDEV'),'12345678','en_GB'),
    ((SELECT internalId FROM Tenant WHERE tenantID = 'MTFTEST'),'12345678','en_GB'),
    ((SELECT internalId FROM Tenant WHERE tenantID = 'MTFPROD'),'12345678','en_GB'),
    ((SELECT internalId FROM Tenant WHERE tenantID = 'DKDEV'),'12345676','en_GB'),
    ((SELECT internalId FROM Tenant WHERE tenantID = 'DKTEST'),'12345676','en_GB'),
    ((SELECT internalId FROM Tenant WHERE tenantID = 'DKPROD'),'12345676','en_GB'),
    ((SELECT internalId FROM Tenant WHERE tenantID = 'TDSDEV'),'12345676','en_GB'),
    ((SELECT internalId FROM Tenant WHERE tenantID = 'TDSTEST'),'12345676','en_GB'),
    ((SELECT internalId FROM Tenant WHERE tenantID = 'TDSPROD'),'12345676','en_GB'),
    ((SELECT internalId FROM Tenant WHERE tenantID = 'PTTDEV'),'12345676','en_GB'),
    ((SELECT internalId FROM Tenant WHERE tenantID = 'PTTTEST'),'12345676','en_GB'),
    ((SELECT internalId FROM Tenant WHERE tenantID = 'PTTPROD'),'12345676','en_GB'),
    ((SELECT internalId FROM Tenant WHERE tenantID = 'MTFDEV'),'12345676','en_GB'),
    ((SELECT internalId FROM Tenant WHERE tenantID = 'MTFTEST'),'12345676','en_GB'),
    ((SELECT internalId FROM Tenant WHERE tenantID = 'MTFPROD'),'12345676','en_GB'),
    ((SELECT internalId FROM Tenant WHERE tenantID = 'DKDEV'),'12345675','en_GB'),
    ((SELECT internalId FROM Tenant WHERE tenantID = 'DKTEST'),'12345675','en_GB'),
    ((SELECT internalId FROM Tenant WHERE tenantID = 'DKPROD'),'12345675','en_GB'),
    ((SELECT internalId FROM Tenant WHERE tenantID = 'TDSDEV'),'12345675','en_GB'),
    ((SELECT internalId FROM Tenant WHERE tenantID = 'TDSTEST'),'12345675','en_GB'),
    ((SELECT internalId FROM Tenant WHERE tenantID = 'TDSPROD'),'12345675','en_GB'),
    ((SELECT internalId FROM Tenant WHERE tenantID = 'PTTDEV'),'12345675','en_GB'),
    ((SELECT internalId FROM Tenant WHERE tenantID = 'PTTTEST'),'12345675','en_GB'),
    ((SELECT internalId FROM Tenant WHERE tenantID = 'PTTPROD'),'12345675','en_GB'),
    ((SELECT internalId FROM Tenant WHERE tenantID = 'MTFDEV'),'12345675','en_GB'),
    ((SELECT internalId FROM Tenant WHERE tenantID = 'MTFTEST'),'12345675','en_GB'),
    ((SELECT internalId FROM Tenant WHERE tenantID = 'MTFPROD'),'12345675','en_GB');

INSERT INTO PersonHistory
VALUES
    ((SELECT internalId FROM Person WHERE personId = '12345678' and tenant = (SELECT internalId FROM Tenant WHERE tenantID = 'DKDEV')),'2025-01-01','9999-12-31','John','Allen','Smith','John Smith'),
    ((SELECT internalId FROM Person WHERE personId = '12345678' and tenant = (SELECT internalId FROM Tenant WHERE tenantID = 'DKTEST')),'2025-01-01','9999-12-31','John','Allen','Smith','John Smith'),
    ((SELECT internalId FROM Person WHERE personId = '12345678' and tenant = (SELECT internalId FROM Tenant WHERE tenantID = 'DKPROD')),'2025-01-01','9999-12-31','John','Allen','Smith','John Smith'),
    ((SELECT internalId FROM Person WHERE personId = '12345678' and tenant = (SELECT internalId FROM Tenant WHERE tenantID = 'TDSDEV')),'2025-01-01','9999-12-31','John','Allen','Smith','John Smith'),
    ((SELECT internalId FROM Person WHERE personId = '12345678' and tenant = (SELECT internalId FROM Tenant WHERE tenantID = 'TDSTEST')),'2025-01-01','9999-12-31','John','Allen','Smith','John Smith'),
    ((SELECT internalId FROM Person WHERE personId = '12345678' and tenant = (SELECT internalId FROM Tenant WHERE tenantID = 'TDSPROD')),'2025-01-01','9999-12-31','John','Allen','Smith','John Smith'),
    ((SELECT internalId FROM Person WHERE personId = '12345678' and tenant = (SELECT internalId FROM Tenant WHERE tenantID = 'PTTDEV')),'2025-01-01','9999-12-31','John','Allen','Smith','John Smith'),
    ((SELECT internalId FROM Person WHERE personId = '12345678' and tenant = (SELECT internalId FROM Tenant WHERE tenantID = 'PTTTEST')),'2025-01-01','9999-12-31','John','Allen','Smith','John Smith'),
    ((SELECT internalId FROM Person WHERE personId = '12345678' and tenant = (SELECT internalId FROM Tenant WHERE tenantID = 'PTTPROD')),'2025-01-01','9999-12-31','John','Allen','Smith','John Smith'),
    ((SELECT internalId FROM Person WHERE personId = '12345678' and tenant = (SELECT internalId FROM Tenant WHERE tenantID = 'MTFDEV')),'2025-01-01','9999-12-31','John','Allen','Smith','John Smith'),
    ((SELECT internalId FROM Person WHERE personId = '12345678' and tenant = (SELECT internalId FROM Tenant WHERE tenantID = 'MTFTEST')),'2025-01-01','9999-12-31','John','Allen','Smith','John Smith'),
    ((SELECT internalId FROM Person WHERE personId = '12345678' and tenant = (SELECT internalId FROM Tenant WHERE tenantID = 'MTFPROD')),'2025-01-01','9999-12-31','John','Allen','Smith','John Smith'),
    ((SELECT internalId FROM Person WHERE personId = '12345676' and tenant = (SELECT internalId FROM Tenant WHERE tenantID = 'DKDEV')),'2025-01-01','9999-12-31','Carla','','Grant','Carla Grant'),
    ((SELECT internalId FROM Person WHERE personId = '12345676' and tenant = (SELECT internalId FROM Tenant WHERE tenantID = 'DKTEST')),'2025-01-01','9999-12-31','Carla','','Grant','Carla Grant'),
    ((SELECT internalId FROM Person WHERE personId = '12345676' and tenant = (SELECT internalId FROM Tenant WHERE tenantID = 'DKPROD')),'2025-01-01','9999-12-31','Carla','','Grant','Carla Grant'),
    ((SELECT internalId FROM Person WHERE personId = '12345676' and tenant = (SELECT internalId FROM Tenant WHERE tenantID = 'TDSDEV')),'2025-01-01','9999-12-31','Carla','','Grant','Carla Grant'),
    ((SELECT internalId FROM Person WHERE personId = '12345676' and tenant = (SELECT internalId FROM Tenant WHERE tenantID = 'TDSTEST')),'2025-01-01','9999-12-31','Carla','','Grant','Carla Grant'),
    ((SELECT internalId FROM Person WHERE personId = '12345676' and tenant = (SELECT internalId FROM Tenant WHERE tenantID = 'TDSPROD')),'2025-01-01','9999-12-31','Carla','','Grant','Carla Grant'),
    ((SELECT internalId FROM Person WHERE personId = '12345676' and tenant = (SELECT internalId FROM Tenant WHERE tenantID = 'PTTDEV')),'2025-01-01','9999-12-31','Carla','','Grant','Carla Grant'),
    ((SELECT internalId FROM Person WHERE personId = '12345676' and tenant = (SELECT internalId FROM Tenant WHERE tenantID = 'PTTTEST')),'2025-01-01','9999-12-31','Carla','','Grant','Carla Grant'),
    ((SELECT internalId FROM Person WHERE personId = '12345676' and tenant = (SELECT internalId FROM Tenant WHERE tenantID = 'PTTPROD')),'2025-01-01','9999-12-31','Carla','','Grant','Carla Grant'),
    ((SELECT internalId FROM Person WHERE personId = '12345676' and tenant = (SELECT internalId FROM Tenant WHERE tenantID = 'MTFDEV')),'2025-01-01','9999-12-31','Carla','','Grant','Carla Grant'),
    ((SELECT internalId FROM Person WHERE personId = '12345676' and tenant = (SELECT internalId FROM Tenant WHERE tenantID = 'MTFTEST')),'2025-01-01','9999-12-31','Carla','','Grant','Carla Grant'),
    ((SELECT internalId FROM Person WHERE personId = '12345676' and tenant = (SELECT internalId FROM Tenant WHERE tenantID = 'MTFPROD')),'2025-01-01','9999-12-31','Carla','','Grant','Carla Grant'),
    ((SELECT internalId FROM Person WHERE personId = '12345675' and tenant = (SELECT internalId FROM Tenant WHERE tenantID = 'DKDEV')),'2025-01-01','9999-12-31','System','','Admin','System Admin'),
    ((SELECT internalId FROM Person WHERE personId = '12345675' and tenant = (SELECT internalId FROM Tenant WHERE tenantID = 'DKTEST')),'2025-01-01','9999-12-31','System','','Admin','System Admin'),
    ((SELECT internalId FROM Person WHERE personId = '12345675' and tenant = (SELECT internalId FROM Tenant WHERE tenantID = 'DKPROD')),'2025-01-01','9999-12-31','System','','Admin','System Admin'),
    ((SELECT internalId FROM Person WHERE personId = '12345675' and tenant = (SELECT internalId FROM Tenant WHERE tenantID = 'TDSDEV')),'2025-01-01','9999-12-31','System','','Admin','System Admin'),
    ((SELECT internalId FROM Person WHERE personId = '12345675' and tenant = (SELECT internalId FROM Tenant WHERE tenantID = 'TDSTEST')),'2025-01-01','9999-12-31','System','','Admin','System Admin'),
    ((SELECT internalId FROM Person WHERE personId = '12345675' and tenant = (SELECT internalId FROM Tenant WHERE tenantID = 'TDSPROD')),'2025-01-01','9999-12-31','System','','Admin','System Admin'),
    ((SELECT internalId FROM Person WHERE personId = '12345675' and tenant = (SELECT internalId FROM Tenant WHERE tenantID = 'PTTDEV')),'2025-01-01','9999-12-31','System','','Admin','System Admin'),
    ((SELECT internalId FROM Person WHERE personId = '12345675' and tenant = (SELECT internalId FROM Tenant WHERE tenantID = 'PTTTEST')),'2025-01-01','9999-12-31','System','','Admin','System Admin'),
    ((SELECT internalId FROM Person WHERE personId = '12345675' and tenant = (SELECT internalId FROM Tenant WHERE tenantID = 'PTTPROD')),'2025-01-01','9999-12-31','System','','Admin','System Admin'),
    ((SELECT internalId FROM Person WHERE personId = '12345675' and tenant = (SELECT internalId FROM Tenant WHERE tenantID = 'MTFDEV')),'2025-01-01','9999-12-31','System','','Admin','System Admin'),
    ((SELECT internalId FROM Person WHERE personId = '12345675' and tenant = (SELECT internalId FROM Tenant WHERE tenantID = 'MTFTEST')),'2025-01-01','9999-12-31','System','','Admin','System Admin'),
    ((SELECT internalId FROM Person WHERE personId = '12345675' and tenant = (SELECT internalId FROM Tenant WHERE tenantID = 'MTFPROD')),'2025-01-01','9999-12-31','System','','Admin','System Admin');

--Password of users ILoveWFM123?
INSERT INTO Employment (tenant,person,employeeID,employeeStatus,username,password,email,primaryEmployment,hireDate)
VALUES
    ((SELECT internalId FROM Tenant WHERE tenantID = 'DKDEV'),(SELECT internalId FROM Person WHERE personId = '12345678' and tenant = (SELECT internalId FROM Tenant WHERE tenantID = 'DKDEV')),'12345678',1,'jsmith','$2a$10$Qz0K9e/pO99pvSVxzHFtmuyxdr7xd/4EfRFSUDDFXLvY5s6E6TdGe','jsmith@company.com',true,'2025-01-01'),
    ((SELECT internalId FROM Tenant WHERE tenantID = 'DKTEST'),(SELECT internalId FROM Person WHERE personId = '12345678' and tenant = (SELECT internalId FROM Tenant WHERE tenantID = 'DKTEST')),'12345678',1,'jsmith','$2a$10$Qz0K9e/pO99pvSVxzHFtmuyxdr7xd/4EfRFSUDDFXLvY5s6E6TdGe','jsmith@company.com',true,'2025-01-01'),
    ((SELECT internalId FROM Tenant WHERE tenantID = 'DKPROD'),(SELECT internalId FROM Person WHERE personId = '12345678' and tenant = (SELECT internalId FROM Tenant WHERE tenantID = 'DKPROD')),'12345678',1,'jsmith','$2a$10$Qz0K9e/pO99pvSVxzHFtmuyxdr7xd/4EfRFSUDDFXLvY5s6E6TdGe','jsmith@company.com',true,'2025-01-01'),
    ((SELECT internalId FROM Tenant WHERE tenantID = 'TDSDEV'),(SELECT internalId FROM Person WHERE personId = '12345678' and tenant = (SELECT internalId FROM Tenant WHERE tenantID = 'TDSDEV')),'12345678',1,'jsmith','$2a$10$Qz0K9e/pO99pvSVxzHFtmuyxdr7xd/4EfRFSUDDFXLvY5s6E6TdGe','jsmith@company.com',true,'2025-01-01'),
    ((SELECT internalId FROM Tenant WHERE tenantID = 'TDSTEST'),(SELECT internalId FROM Person WHERE personId = '12345678' and tenant = (SELECT internalId FROM Tenant WHERE tenantID = 'TDSTEST')),'12345678',1,'jsmith','$2a$10$Qz0K9e/pO99pvSVxzHFtmuyxdr7xd/4EfRFSUDDFXLvY5s6E6TdGe','jsmith@company.com',true,'2025-01-01'),
    ((SELECT internalId FROM Tenant WHERE tenantID = 'TDSPROD'),(SELECT internalId FROM Person WHERE personId = '12345678' and tenant = (SELECT internalId FROM Tenant WHERE tenantID = 'TDSPROD')),'12345678',1,'jsmith','$2a$10$Qz0K9e/pO99pvSVxzHFtmuyxdr7xd/4EfRFSUDDFXLvY5s6E6TdGe','jsmith@company.com',true,'2025-01-01'),
    ((SELECT internalId FROM Tenant WHERE tenantID = 'PTTDEV'),(SELECT internalId FROM Person WHERE personId = '12345678' and tenant = (SELECT internalId FROM Tenant WHERE tenantID = 'PTTDEV')),'12345678',1,'jsmith','$2a$10$Qz0K9e/pO99pvSVxzHFtmuyxdr7xd/4EfRFSUDDFXLvY5s6E6TdGe','jsmith@company.com',true,'2025-01-01'),
    ((SELECT internalId FROM Tenant WHERE tenantID = 'PTTTEST'),(SELECT internalId FROM Person WHERE personId = '12345678' and tenant = (SELECT internalId FROM Tenant WHERE tenantID = 'PTTTEST')),'12345678',1,'jsmith','$2a$10$Qz0K9e/pO99pvSVxzHFtmuyxdr7xd/4EfRFSUDDFXLvY5s6E6TdGe','jsmith@company.com',true,'2025-01-01'),
    ((SELECT internalId FROM Tenant WHERE tenantID = 'PTTPROD'),(SELECT internalId FROM Person WHERE personId = '12345678' and tenant = (SELECT internalId FROM Tenant WHERE tenantID = 'PTTPROD')),'12345678',1,'jsmith','$2a$10$Qz0K9e/pO99pvSVxzHFtmuyxdr7xd/4EfRFSUDDFXLvY5s6E6TdGe','jsmith@company.com',true,'2025-01-01'),
    ((SELECT internalId FROM Tenant WHERE tenantID = 'MTFDEV'),(SELECT internalId FROM Person WHERE personId = '12345678' and tenant = (SELECT internalId FROM Tenant WHERE tenantID = 'MTFDEV')),'12345678',1,'jsmith','$2a$10$Qz0K9e/pO99pvSVxzHFtmuyxdr7xd/4EfRFSUDDFXLvY5s6E6TdGe','jsmith@company.com',true,'2025-01-01'),
    ((SELECT internalId FROM Tenant WHERE tenantID = 'MTFTEST'),(SELECT internalId FROM Person WHERE personId = '12345678' and tenant = (SELECT internalId FROM Tenant WHERE tenantID = 'MTFTEST')),'12345678',1,'jsmith','$2a$10$Qz0K9e/pO99pvSVxzHFtmuyxdr7xd/4EfRFSUDDFXLvY5s6E6TdGe','jsmith@company.com',true,'2025-01-01'),
    ((SELECT internalId FROM Tenant WHERE tenantID = 'MTFPROD'),(SELECT internalId FROM Person WHERE personId = '12345678' and tenant = (SELECT internalId FROM Tenant WHERE tenantID = 'MTFPROD')),'12345678',1,'jsmith','$2a$10$Qz0K9e/pO99pvSVxzHFtmuyxdr7xd/4EfRFSUDDFXLvY5s6E6TdGe','jsmith@company.com',true,'2025-01-01'),
    ((SELECT internalId FROM Tenant WHERE tenantID = 'DKDEV'),(SELECT internalId FROM Person WHERE personId = '12345676' and tenant = (SELECT internalId FROM Tenant WHERE tenantID = 'DKDEV')),'12345676',1,'cgrant','$2a$10$Qz0K9e/pO99pvSVxzHFtmuyxdr7xd/4EfRFSUDDFXLvY5s6E6TdGe','cgrant@company.com',true,'2025-01-01'),
    ((SELECT internalId FROM Tenant WHERE tenantID = 'DKTEST'),(SELECT internalId FROM Person WHERE personId = '12345676' and tenant = (SELECT internalId FROM Tenant WHERE tenantID = 'DKTEST')),'12345676',1,'cgrant','$2a$10$Qz0K9e/pO99pvSVxzHFtmuyxdr7xd/4EfRFSUDDFXLvY5s6E6TdGe','cgrant@company.com',true,'2025-01-01'),
    ((SELECT internalId FROM Tenant WHERE tenantID = 'DKPROD'),(SELECT internalId FROM Person WHERE personId = '12345676' and tenant = (SELECT internalId FROM Tenant WHERE tenantID = 'DKPROD')),'12345676',1,'cgrant','$2a$10$Qz0K9e/pO99pvSVxzHFtmuyxdr7xd/4EfRFSUDDFXLvY5s6E6TdGe','cgrant@company.com',true,'2025-01-01'),
    ((SELECT internalId FROM Tenant WHERE tenantID = 'TDSDEV'),(SELECT internalId FROM Person WHERE personId = '12345676' and tenant = (SELECT internalId FROM Tenant WHERE tenantID = 'TDSDEV')),'12345676',1,'cgrant','$2a$10$Qz0K9e/pO99pvSVxzHFtmuyxdr7xd/4EfRFSUDDFXLvY5s6E6TdGe','cgrant@company.com',true,'2025-01-01'),
    ((SELECT internalId FROM Tenant WHERE tenantID = 'TDSTEST'),(SELECT internalId FROM Person WHERE personId = '12345676' and tenant = (SELECT internalId FROM Tenant WHERE tenantID = 'TDSTEST')),'12345676',1,'cgrant','$2a$10$Qz0K9e/pO99pvSVxzHFtmuyxdr7xd/4EfRFSUDDFXLvY5s6E6TdGe','cgrant@company.com',true,'2025-01-01'),
    ((SELECT internalId FROM Tenant WHERE tenantID = 'TDSPROD'),(SELECT internalId FROM Person WHERE personId = '12345676' and tenant = (SELECT internalId FROM Tenant WHERE tenantID = 'TDSPROD')),'12345676',1,'cgrant','$2a$10$Qz0K9e/pO99pvSVxzHFtmuyxdr7xd/4EfRFSUDDFXLvY5s6E6TdGe','cgrant@company.com',true,'2025-01-01'),
    ((SELECT internalId FROM Tenant WHERE tenantID = 'PTTDEV'),(SELECT internalId FROM Person WHERE personId = '12345676' and tenant = (SELECT internalId FROM Tenant WHERE tenantID = 'PTTDEV')),'12345676',1,'cgrant','$2a$10$Qz0K9e/pO99pvSVxzHFtmuyxdr7xd/4EfRFSUDDFXLvY5s6E6TdGe','cgrant@company.com',true,'2025-01-01'),
    ((SELECT internalId FROM Tenant WHERE tenantID = 'PTTTEST'),(SELECT internalId FROM Person WHERE personId = '12345676' and tenant = (SELECT internalId FROM Tenant WHERE tenantID = 'PTTTEST')),'12345676',1,'cgrant','$2a$10$Qz0K9e/pO99pvSVxzHFtmuyxdr7xd/4EfRFSUDDFXLvY5s6E6TdGe','cgrant@company.com',true,'2025-01-01'),
    ((SELECT internalId FROM Tenant WHERE tenantID = 'PTTPROD'),(SELECT internalId FROM Person WHERE personId = '12345676' and tenant = (SELECT internalId FROM Tenant WHERE tenantID = 'PTTPROD')),'12345676',1,'cgrant','$2a$10$Qz0K9e/pO99pvSVxzHFtmuyxdr7xd/4EfRFSUDDFXLvY5s6E6TdGe','cgrant@company.com',true,'2025-01-01'),
    ((SELECT internalId FROM Tenant WHERE tenantID = 'MTFDEV'),(SELECT internalId FROM Person WHERE personId = '12345676' and tenant = (SELECT internalId FROM Tenant WHERE tenantID = 'MTFDEV')),'12345676',1,'cgrant','$2a$10$Qz0K9e/pO99pvSVxzHFtmuyxdr7xd/4EfRFSUDDFXLvY5s6E6TdGe','cgrant@company.com',true,'2025-01-01'),
    ((SELECT internalId FROM Tenant WHERE tenantID = 'MTFTEST'),(SELECT internalId FROM Person WHERE personId = '12345676' and tenant = (SELECT internalId FROM Tenant WHERE tenantID = 'MTFTEST')),'12345676',1,'cgrant','$2a$10$Qz0K9e/pO99pvSVxzHFtmuyxdr7xd/4EfRFSUDDFXLvY5s6E6TdGe','cgrant@company.com',true,'2025-01-01'),
    ((SELECT internalId FROM Tenant WHERE tenantID = 'MTFPROD'),(SELECT internalId FROM Person WHERE personId = '12345676' and tenant = (SELECT internalId FROM Tenant WHERE tenantID = 'MTFPROD')),'12345676',1,'cgrant','$2a$10$Qz0K9e/pO99pvSVxzHFtmuyxdr7xd/4EfRFSUDDFXLvY5s6E6TdGe','cgrant@company.com',true,'2025-01-01'),
    ((SELECT internalId FROM Tenant WHERE tenantID = 'DKDEV'),(SELECT internalId FROM Person WHERE personId = '12345675' and tenant = (SELECT internalId FROM Tenant WHERE tenantID = 'DKDEV')),'12345675',1,'admin','$2a$10$Qz0K9e/pO99pvSVxzHFtmuyxdr7xd/4EfRFSUDDFXLvY5s6E6TdGe','admin@company.com',true,'2025-01-01'),
    ((SELECT internalId FROM Tenant WHERE tenantID = 'DKTEST'),(SELECT internalId FROM Person WHERE personId = '12345675' and tenant = (SELECT internalId FROM Tenant WHERE tenantID = 'DKTEST')),'12345675',1,'admin','$2a$10$Qz0K9e/pO99pvSVxzHFtmuyxdr7xd/4EfRFSUDDFXLvY5s6E6TdGe','admin@company.com',true,'2025-01-01'),
    ((SELECT internalId FROM Tenant WHERE tenantID = 'DKPROD'),(SELECT internalId FROM Person WHERE personId = '12345675' and tenant = (SELECT internalId FROM Tenant WHERE tenantID = 'DKPROD')),'12345675',1,'admin','$2a$10$Qz0K9e/pO99pvSVxzHFtmuyxdr7xd/4EfRFSUDDFXLvY5s6E6TdGe','admin@company.com',true,'2025-01-01'),
    ((SELECT internalId FROM Tenant WHERE tenantID = 'TDSDEV'),(SELECT internalId FROM Person WHERE personId = '12345675' and tenant = (SELECT internalId FROM Tenant WHERE tenantID = 'TDSDEV')),'12345675',1,'admin','$2a$10$Qz0K9e/pO99pvSVxzHFtmuyxdr7xd/4EfRFSUDDFXLvY5s6E6TdGe','admin@company.com',true,'2025-01-01'),
    ((SELECT internalId FROM Tenant WHERE tenantID = 'TDSTEST'),(SELECT internalId FROM Person WHERE personId = '12345675' and tenant = (SELECT internalId FROM Tenant WHERE tenantID = 'TDSTEST')),'12345675',1,'admin','$2a$10$Qz0K9e/pO99pvSVxzHFtmuyxdr7xd/4EfRFSUDDFXLvY5s6E6TdGe','admin@company.com',true,'2025-01-01'),
    ((SELECT internalId FROM Tenant WHERE tenantID = 'TDSPROD'),(SELECT internalId FROM Person WHERE personId = '12345675' and tenant = (SELECT internalId FROM Tenant WHERE tenantID = 'TDSPROD')),'12345675',1,'admin','$2a$10$Qz0K9e/pO99pvSVxzHFtmuyxdr7xd/4EfRFSUDDFXLvY5s6E6TdGe','admin@company.com',true,'2025-01-01'),
    ((SELECT internalId FROM Tenant WHERE tenantID = 'PTTDEV'),(SELECT internalId FROM Person WHERE personId = '12345675' and tenant = (SELECT internalId FROM Tenant WHERE tenantID = 'PTTDEV')),'12345675',1,'admin','$2a$10$Qz0K9e/pO99pvSVxzHFtmuyxdr7xd/4EfRFSUDDFXLvY5s6E6TdGe','admin@company.com',true,'2025-01-01'),
    ((SELECT internalId FROM Tenant WHERE tenantID = 'PTTTEST'),(SELECT internalId FROM Person WHERE personId = '12345675' and tenant = (SELECT internalId FROM Tenant WHERE tenantID = 'PTTTEST')),'12345675',1,'admin','$2a$10$Qz0K9e/pO99pvSVxzHFtmuyxdr7xd/4EfRFSUDDFXLvY5s6E6TdGe','admin@company.com',true,'2025-01-01'),
    ((SELECT internalId FROM Tenant WHERE tenantID = 'PTTPROD'),(SELECT internalId FROM Person WHERE personId = '12345675' and tenant = (SELECT internalId FROM Tenant WHERE tenantID = 'PTTPROD')),'12345675',1,'admin','$2a$10$Qz0K9e/pO99pvSVxzHFtmuyxdr7xd/4EfRFSUDDFXLvY5s6E6TdGe','admin@company.com',true,'2025-01-01'),
    ((SELECT internalId FROM Tenant WHERE tenantID = 'MTFDEV'),(SELECT internalId FROM Person WHERE personId = '12345675' and tenant = (SELECT internalId FROM Tenant WHERE tenantID = 'MTFDEV')),'12345675',1,'admin','$2a$10$Qz0K9e/pO99pvSVxzHFtmuyxdr7xd/4EfRFSUDDFXLvY5s6E6TdGe','admin@company.com',true,'2025-01-01'),
    ((SELECT internalId FROM Tenant WHERE tenantID = 'MTFTEST'),(SELECT internalId FROM Person WHERE personId = '12345675' and tenant = (SELECT internalId FROM Tenant WHERE tenantID = 'MTFTEST')),'12345675',1,'admin','$2a$10$Qz0K9e/pO99pvSVxzHFtmuyxdr7xd/4EfRFSUDDFXLvY5s6E6TdGe','admin@company.com',true,'2025-01-01'),
    ((SELECT internalId FROM Tenant WHERE tenantID = 'MTFPROD'),(SELECT internalId FROM Person WHERE personId = '12345675' and tenant = (SELECT internalId FROM Tenant WHERE tenantID = 'MTFPROD')),'12345675',1,'admin','$2a$10$Qz0K9e/pO99pvSVxzHFtmuyxdr7xd/4EfRFSUDDFXLvY5s6E6TdGe','admin@company.com',true,'2025-01-01');

INSERT INTO EmploymentHistory (employment,startDate,endDate,event,employeeStatus,company,manager,hr)
VALUES
    ((SELECT internalId FROM Employment WHERE employeeId = '12345678' and tenant = (SELECT internalId FROM Tenant WHERE tenantID = 'DKDEV')),'2025-01-01','9999-12-31',1,1,(SELECT internalId FROM Company WHERE externalId = 'SS01'),null,null),
    ((SELECT internalId FROM Employment WHERE employeeId = '12345678' and tenant = (SELECT internalId FROM Tenant WHERE tenantID = 'DKTEST')),'2025-01-01','9999-12-31',1,1,(SELECT internalId FROM Company WHERE externalId = 'SS02'),null,null),
    ((SELECT internalId FROM Employment WHERE employeeId = '12345678' and tenant = (SELECT internalId FROM Tenant WHERE tenantID = 'DKPROD')),'2025-01-01','9999-12-31',1,1,(SELECT internalId FROM Company WHERE externalId = 'SS03'),null,null),
    ((SELECT internalId FROM Employment WHERE employeeId = '12345678' and tenant = (SELECT internalId FROM Tenant WHERE tenantID = 'TDSDEV')),'2025-01-01','9999-12-31',1,1,(SELECT internalId FROM Company WHERE externalId = 'SS04'),null,null),
    ((SELECT internalId FROM Employment WHERE employeeId = '12345678' and tenant = (SELECT internalId FROM Tenant WHERE tenantID = 'TDSTEST')),'2025-01-01','9999-12-31',1,1,(SELECT internalId FROM Company WHERE externalId = 'SS05'),null,null),
    ((SELECT internalId FROM Employment WHERE employeeId = '12345678' and tenant = (SELECT internalId FROM Tenant WHERE tenantID = 'TDSPROD')),'2025-01-01','9999-12-31',1,1,(SELECT internalId FROM Company WHERE externalId = 'SS06'),null,null),
    ((SELECT internalId FROM Employment WHERE employeeId = '12345678' and tenant = (SELECT internalId FROM Tenant WHERE tenantID = 'PTTDEV')),'2025-01-01','9999-12-31',1,1,(SELECT internalId FROM Company WHERE externalId = 'SS07'),null,null),
    ((SELECT internalId FROM Employment WHERE employeeId = '12345678' and tenant = (SELECT internalId FROM Tenant WHERE tenantID = 'PTTTEST')),'2025-01-01','9999-12-31',1,1,(SELECT internalId FROM Company WHERE externalId = 'SS08'),null,null),
    ((SELECT internalId FROM Employment WHERE employeeId = '12345678' and tenant = (SELECT internalId FROM Tenant WHERE tenantID = 'PTTPROD')),'2025-01-01','9999-12-31',1,1,(SELECT internalId FROM Company WHERE externalId = 'SS09'),null,null),
    ((SELECT internalId FROM Employment WHERE employeeId = '12345678' and tenant = (SELECT internalId FROM Tenant WHERE tenantID = 'MTFDEV')),'2025-01-01','9999-12-31',1,1,(SELECT internalId FROM Company WHERE externalId = 'SS10'),null,null),
    ((SELECT internalId FROM Employment WHERE employeeId = '12345678' and tenant = (SELECT internalId FROM Tenant WHERE tenantID = 'MTFTEST')),'2025-01-01','9999-12-31',1,1,(SELECT internalId FROM Company WHERE externalId = 'SS11'),null,null),
    ((SELECT internalId FROM Employment WHERE employeeId = '12345678' and tenant = (SELECT internalId FROM Tenant WHERE tenantID = 'MTFPROD')),'2025-01-01','9999-12-31',1,1,(SELECT internalId FROM Company WHERE externalId = 'SS12'),null,null),
    ((SELECT internalId FROM Employment WHERE employeeId = '12345676' and tenant = (SELECT internalId FROM Tenant WHERE tenantID = 'DKDEV')),'2025-01-01','9999-12-31',1,1,(SELECT internalId FROM Company WHERE externalId = 'SS01'),(SELECT internalId FROM Employment WHERE employeeId = '12345678' and tenant = (SELECT internalId FROM Tenant WHERE tenantID = 'DKDEV')),null),
    ((SELECT internalId FROM Employment WHERE employeeId = '12345676' and tenant = (SELECT internalId FROM Tenant WHERE tenantID = 'DKTEST')),'2025-01-01','9999-12-31',1,1,(SELECT internalId FROM Company WHERE externalId = 'SS02'),(SELECT internalId FROM Employment WHERE employeeId = '12345678' and tenant = (SELECT internalId FROM Tenant WHERE tenantID = 'DKTEST')),null),
    ((SELECT internalId FROM Employment WHERE employeeId = '12345676' and tenant = (SELECT internalId FROM Tenant WHERE tenantID = 'DKPROD')),'2025-01-01','9999-12-31',1,1,(SELECT internalId FROM Company WHERE externalId = 'SS03'),(SELECT internalId FROM Employment WHERE employeeId = '12345678' and tenant = (SELECT internalId FROM Tenant WHERE tenantID = 'DKPROD')),null),
    ((SELECT internalId FROM Employment WHERE employeeId = '12345676' and tenant = (SELECT internalId FROM Tenant WHERE tenantID = 'TDSDEV')),'2025-01-01','9999-12-31',1,1,(SELECT internalId FROM Company WHERE externalId = 'SS04'),(SELECT internalId FROM Employment WHERE employeeId = '12345678' and tenant = (SELECT internalId FROM Tenant WHERE tenantID = 'TDSDEV')),null),
    ((SELECT internalId FROM Employment WHERE employeeId = '12345676' and tenant = (SELECT internalId FROM Tenant WHERE tenantID = 'TDSTEST')),'2025-01-01','9999-12-31',1,1,(SELECT internalId FROM Company WHERE externalId = 'SS05'),(SELECT internalId FROM Employment WHERE employeeId = '12345678' and tenant = (SELECT internalId FROM Tenant WHERE tenantID = 'TDSTEST')),null),
    ((SELECT internalId FROM Employment WHERE employeeId = '12345676' and tenant = (SELECT internalId FROM Tenant WHERE tenantID = 'TDSPROD')),'2025-01-01','9999-12-31',1,1,(SELECT internalId FROM Company WHERE externalId = 'SS06'),(SELECT internalId FROM Employment WHERE employeeId = '12345678' and tenant = (SELECT internalId FROM Tenant WHERE tenantID = 'TDSPROD')),null),
    ((SELECT internalId FROM Employment WHERE employeeId = '12345676' and tenant = (SELECT internalId FROM Tenant WHERE tenantID = 'PTTDEV')),'2025-01-01','9999-12-31',1,1,(SELECT internalId FROM Company WHERE externalId = 'SS07'),(SELECT internalId FROM Employment WHERE employeeId = '12345678' and tenant = (SELECT internalId FROM Tenant WHERE tenantID = 'PTTDEV')),null),
    ((SELECT internalId FROM Employment WHERE employeeId = '12345676' and tenant = (SELECT internalId FROM Tenant WHERE tenantID = 'PTTTEST')),'2025-01-01','9999-12-31',1,1,(SELECT internalId FROM Company WHERE externalId = 'SS08'),(SELECT internalId FROM Employment WHERE employeeId = '12345678' and tenant = (SELECT internalId FROM Tenant WHERE tenantID = 'PTTTEST')),null),
    ((SELECT internalId FROM Employment WHERE employeeId = '12345676' and tenant = (SELECT internalId FROM Tenant WHERE tenantID = 'PTTPROD')),'2025-01-01','9999-12-31',1,1,(SELECT internalId FROM Company WHERE externalId = 'SS09'),(SELECT internalId FROM Employment WHERE employeeId = '12345678' and tenant = (SELECT internalId FROM Tenant WHERE tenantID = 'PTTPROD')),null),
    ((SELECT internalId FROM Employment WHERE employeeId = '12345676' and tenant = (SELECT internalId FROM Tenant WHERE tenantID = 'MTFDEV')),'2025-01-01','9999-12-31',1,1,(SELECT internalId FROM Company WHERE externalId = 'SS10'),(SELECT internalId FROM Employment WHERE employeeId = '12345678' and tenant = (SELECT internalId FROM Tenant WHERE tenantID = 'MTFDEV')),null),
    ((SELECT internalId FROM Employment WHERE employeeId = '12345676' and tenant = (SELECT internalId FROM Tenant WHERE tenantID = 'MTFTEST')),'2025-01-01','9999-12-31',1,1,(SELECT internalId FROM Company WHERE externalId = 'SS11'),(SELECT internalId FROM Employment WHERE employeeId = '12345678' and tenant = (SELECT internalId FROM Tenant WHERE tenantID = 'MTFTEST')),null),
    ((SELECT internalId FROM Employment WHERE employeeId = '12345676' and tenant = (SELECT internalId FROM Tenant WHERE tenantID = 'MTFPROD')),'2025-01-01','9999-12-31',1,1,(SELECT internalId FROM Company WHERE externalId = 'SS12'),(SELECT internalId FROM Employment WHERE employeeId = '12345678' and tenant = (SELECT internalId FROM Tenant WHERE tenantID = 'MTFPROD')),null),
    ((SELECT internalId FROM Employment WHERE employeeId = '12345675' and tenant = (SELECT internalId FROM Tenant WHERE tenantID = 'DKDEV')),'2025-01-01','9999-12-31',1,1,(SELECT internalId FROM Company WHERE externalId = 'SS01'),null,null),
    ((SELECT internalId FROM Employment WHERE employeeId = '12345675' and tenant = (SELECT internalId FROM Tenant WHERE tenantID = 'DKTEST')),'2025-01-01','9999-12-31',1,1,(SELECT internalId FROM Company WHERE externalId = 'SS02'),null,null),
    ((SELECT internalId FROM Employment WHERE employeeId = '12345675' and tenant = (SELECT internalId FROM Tenant WHERE tenantID = 'DKPROD')),'2025-01-01','9999-12-31',1,1,(SELECT internalId FROM Company WHERE externalId = 'SS03'),null,null),
    ((SELECT internalId FROM Employment WHERE employeeId = '12345675' and tenant = (SELECT internalId FROM Tenant WHERE tenantID = 'TDSDEV')),'2025-01-01','9999-12-31',1,1,(SELECT internalId FROM Company WHERE externalId = 'SS04'),null,null),
    ((SELECT internalId FROM Employment WHERE employeeId = '12345675' and tenant = (SELECT internalId FROM Tenant WHERE tenantID = 'TDSTEST')),'2025-01-01','9999-12-31',1,1,(SELECT internalId FROM Company WHERE externalId = 'SS05'),null,null),
    ((SELECT internalId FROM Employment WHERE employeeId = '12345675' and tenant = (SELECT internalId FROM Tenant WHERE tenantID = 'TDSPROD')),'2025-01-01','9999-12-31',1,1,(SELECT internalId FROM Company WHERE externalId = 'SS06'),null,null),
    ((SELECT internalId FROM Employment WHERE employeeId = '12345675' and tenant = (SELECT internalId FROM Tenant WHERE tenantID = 'PTTDEV')),'2025-01-01','9999-12-31',1,1,(SELECT internalId FROM Company WHERE externalId = 'SS07'),null,null),
    ((SELECT internalId FROM Employment WHERE employeeId = '12345675' and tenant = (SELECT internalId FROM Tenant WHERE tenantID = 'PTTTEST')),'2025-01-01','9999-12-31',1,1,(SELECT internalId FROM Company WHERE externalId = 'SS08'),null,null),
    ((SELECT internalId FROM Employment WHERE employeeId = '12345675' and tenant = (SELECT internalId FROM Tenant WHERE tenantID = 'PTTPROD')),'2025-01-01','9999-12-31',1,1,(SELECT internalId FROM Company WHERE externalId = 'SS09'),null,null),
    ((SELECT internalId FROM Employment WHERE employeeId = '12345675' and tenant = (SELECT internalId FROM Tenant WHERE tenantID = 'MTFDEV')),'2025-01-01','9999-12-31',1,1,(SELECT internalId FROM Company WHERE externalId = 'SS10'),null,null),
    ((SELECT internalId FROM Employment WHERE employeeId = '12345675' and tenant = (SELECT internalId FROM Tenant WHERE tenantID = 'MTFTEST')),'2025-01-01','9999-12-31',1,1,(SELECT internalId FROM Company WHERE externalId = 'SS11'),null,null),
    ((SELECT internalId FROM Employment WHERE employeeId = '12345675' and tenant = (SELECT internalId FROM Tenant WHERE tenantID = 'MTFPROD')),'2025-01-01','9999-12-31',1,1,(SELECT internalId FROM Company WHERE externalId = 'SS12'),null,null);
