INSERT INTO AllowedFieldOverrides
VALUES
    ('100','Person', 'personId'),
    ('200','PersonHistory', 'firstName'),
    ('201','PersonHistory', 'middleName'),
    ('202','PersonHistory', 'lastName'),
    ('203','PersonHistory', 'displayName'),
    ('300','Employment','employeeId'),
    ('400','EmploymentHistory','hr') ;

INSERT INTO Locale
VALUES
    ('en_GB','English'),
    ('da_DK', 'Danish'),
    ('de_DE', 'German');
INSERT INTO Country
VALUES
    ('DNK', 'Denmark', 'DK'),
    ('SWE', 'Sweden', 'SE'),
    ('NOR', 'Norway', 'NO');

INSERT INTO Customer (customerName, status)
VALUES
    ('Dogan Kilotlari', 'active'),
    ('Tolga Dinlenme tesisleri', 'active'),
    ('Patates', 'inactive'),
    ('Mert tellak federasyonu', 'inactive');
INSERT INTO Tenant (customer, tenantID, status, tenantName, tenantType, adminEmail, localeDefault)
VALUES
    ('10000000', 'DKDEV','active','Dogan Kilotlari DEV','dev','test@egemen.dk','en_GB'),
    ('10000000', 'DKTEST','active','Dogan Kilotlari TEST','test','test@egemen.dk','en_GB'),
    ('10000000', 'DKPROD','active','Dogan Kilotlari','prod','test@egemen.dk','en_GB'),
    ('10000001', 'TDSDEV','active','Tolga Dinlenme tesisleri DEV','dev','test@egemen.dk','en_GB'),
    ('10000001', 'TDSTEST','active','Tolga Dinlenme tesisleri TEST','test','test@egemen.dk','en_GB'),
    ('10000001', 'TDSPROD','active','Tolga Dinlenme tesisleri','prod','test@egemen.dk','en_GB'),
    ('10000002', 'PTTDEV','active','Patates DEV','dev','test@egemen.dk','en_GB'),
    ('10000002', 'PTTTEST','active','Patates TEST','test','test@egemen.dk','en_GB'),
    ('10000002', 'PTTPROD','active','Patates','prod','test@egemen.dk','en_GB'),
    ('10000003', 'MTFDEV','inactive','Mert tellak federasyonu DEV','dev','test@egemen.dk','en_GB'),
    ('10000003', 'MTFTEST','inactive','Mert tellak federasyonu TEST','test','test@egemen.dk','en_GB'),
    ('10000003', 'MTFPROD','inactive','Mert tellak federasyonu','prod','test@egemen.dk','en_GB');
INSERT INTO LocaleEnabled
VALUES
    ('en_GB',(SELECT internalId FROM Tenant WHERE tenantID = 'DKDEV')),
    ('en_GB',(SELECT internalId FROM Tenant WHERE tenantID = 'DKTEST')),
    ('en_GB',(SELECT internalId FROM Tenant WHERE tenantID = 'DKPROD')),
    ('en_GB',(SELECT internalId FROM Tenant WHERE tenantID = 'TDSDEV')),
    ('en_GB',(SELECT internalId FROM Tenant WHERE tenantID = 'TDSTEST')),
    ('en_GB',(SELECT internalId FROM Tenant WHERE tenantID = 'TDSPROD')),
    ('en_GB',(SELECT internalId FROM Tenant WHERE tenantID = 'PTTDEV')),
    ('en_GB',(SELECT internalId FROM Tenant WHERE tenantID = 'PTTTEST')),
    ('en_GB',(SELECT internalId FROM Tenant WHERE tenantID = 'PTTPROD')),
    ('en_GB',(SELECT internalId FROM Tenant WHERE tenantID = 'MTFDEV')),
    ('en_GB',(SELECT internalId FROM Tenant WHERE tenantID = 'MTFTEST')),
    ('en_GB',(SELECT internalId FROM Tenant WHERE tenantID = 'MTFPROD'));
INSERT INTO Company (tenant,externalId,name,localeDefault,status)
VALUES
    ((SELECT internalId FROM Tenant WHERE tenantID = 'DKDEV'),'SS01','Special A/S','en_GB','active'),
    ((SELECT internalId FROM Tenant WHERE tenantID = 'DKTEST'),'SS02','Special A/S','en_GB','active'),
    ((SELECT internalId FROM Tenant WHERE tenantID = 'DKPROD'),'SS03','Special A/S','en_GB','active'),
    ((SELECT internalId FROM Tenant WHERE tenantID = 'TDSDEV'),'SS04','Special A/S','en_GB','active'),
    ((SELECT internalId FROM Tenant WHERE tenantID = 'TDSTEST'),'SS05','Special A/S','en_GB','active'),
    ((SELECT internalId FROM Tenant WHERE tenantID = 'TDSPROD'),'SS06','Special A/S','en_GB','active'),
    ((SELECT internalId FROM Tenant WHERE tenantID = 'PTTDEV'),'SS07','Special A/S','en_GB','active'),
    ((SELECT internalId FROM Tenant WHERE tenantID = 'PTTTEST'),'SS08','Special A/S','en_GB','active'),
    ((SELECT internalId FROM Tenant WHERE tenantID = 'PTTPROD'),'SS09','Special A/S','en_GB','active'),
    ((SELECT internalId FROM Tenant WHERE tenantID = 'MTFDEV'),'SS10','Special A/S','en_GB','active'),
    ((SELECT internalId FROM Tenant WHERE tenantID = 'MTFTEST'),'SS11','Special A/S','en_GB','active'),
    ((SELECT internalId FROM Tenant WHERE tenantID = 'MTFPROD'),'SS12','Special A/S','en_GB','active');
INSERT INTO CountryToCompany
VALUES
    ('DNK',(SELECT internalId FROM Company where externalId = 'SS01')),
    ('DNK',(SELECT internalId FROM Company WHERE externalId = 'SS02')),
    ('DNK',(SELECT internalId FROM Company WHERE externalId = 'SS03')),
    ('DNK',(SELECT internalId FROM Company WHERE externalId = 'SS04')),
    ('DNK',(SELECT internalId FROM Company WHERE externalId = 'SS05')),
    ('DNK',(SELECT internalId FROM Company WHERE externalId = 'SS06')),
    ('DNK',(SELECT internalId FROM Company WHERE externalId = 'SS07')),
    ('DNK',(SELECT internalId FROM Company WHERE externalId = 'SS08')),
    ('DNK',(SELECT internalId FROM Company WHERE externalId = 'SS09')),
    ('DNK',(SELECT internalId FROM Company WHERE externalId = 'SS10')),
    ('DNK',(SELECT internalId FROM Company WHERE externalId = 'SS11')),
    ('DNK',(SELECT internalId FROM Company WHERE externalId = 'SS12'));
INSERT INTO Person (tenant,personId,username,password,email,localeDecision)
VALUES
    ((SELECT internalId FROM Tenant WHERE tenantID = 'DKDEV'),'12345678','jsmith','ILoveWFM123?','jsmith@egemen.dk','en_GB'),
    ((SELECT internalId FROM Tenant WHERE tenantID = 'DKTEST'),'12345678','jsmith','ILoveWFM123?','jsmith@egemen.dk','en_GB'),
    ((SELECT internalId FROM Tenant WHERE tenantID = 'DKPROD'),'12345678','jsmith','ILoveWFM123?','jsmith@egemen.dk','en_GB'),
    ((SELECT internalId FROM Tenant WHERE tenantID = 'TDSDEV'),'12345678','jsmith','ILoveWFM123?','jsmith@egemen.dk','en_GB'),
    ((SELECT internalId FROM Tenant WHERE tenantID = 'TDSTEST'),'12345678','jsmith','ILoveWFM123?','jsmith@egemen.dk','en_GB'),
    ((SELECT internalId FROM Tenant WHERE tenantID = 'TDSPROD'),'12345678','jsmith','ILoveWFM123?','jsmith@egemen.dk','en_GB'),
    ((SELECT internalId FROM Tenant WHERE tenantID = 'PTTDEV'),'12345678','jsmith','ILoveWFM123?','jsmith@egemen.dk','en_GB'),
    ((SELECT internalId FROM Tenant WHERE tenantID = 'PTTTEST'),'12345678','jsmith','ILoveWFM123?','jsmith@egemen.dk','en_GB'),
    ((SELECT internalId FROM Tenant WHERE tenantID = 'PTTPROD'),'12345678','jsmith','ILoveWFM123?','jsmith@egemen.dk','en_GB'),
    ((SELECT internalId FROM Tenant WHERE tenantID = 'MTFDEV'),'12345678','jsmith','ILoveWFM123?','jsmith@egemen.dk','en_GB'),
    ((SELECT internalId FROM Tenant WHERE tenantID = 'MTFTEST'),'12345678','jsmith','ILoveWFM123?','jsmith@egemen.dk','en_GB'),
    ((SELECT internalId FROM Tenant WHERE tenantID = 'MTFPROD'),'12345678','jsmith','ILoveWFM123?','jsmith@egemen.dk','en_GB'),
    ((SELECT internalId FROM Tenant WHERE tenantID = 'DKDEV'),'12345676','cgrant','ILoveWFM123?','cgrant@egemen.dk','en_GB'),
    ((SELECT internalId FROM Tenant WHERE tenantID = 'DKTEST'),'12345676','cgrant','ILoveWFM123?','cgrant@egemen.dk','en_GB'),
    ((SELECT internalId FROM Tenant WHERE tenantID = 'DKPROD'),'12345676','cgrant','ILoveWFM123?','cgrant@egemen.dk','en_GB'),
    ((SELECT internalId FROM Tenant WHERE tenantID = 'TDSDEV'),'12345676','cgrant','ILoveWFM123?','cgrant@egemen.dk','en_GB'),
    ((SELECT internalId FROM Tenant WHERE tenantID = 'TDSTEST'),'12345676','cgrant','ILoveWFM123?','cgrant@egemen.dk','en_GB'),
    ((SELECT internalId FROM Tenant WHERE tenantID = 'TDSPROD'),'12345676','cgrant','ILoveWFM123?','cgrant@egemen.dk','en_GB'),
    ((SELECT internalId FROM Tenant WHERE tenantID = 'PTTDEV'),'12345676','cgrant','ILoveWFM123?','cgrant@egemen.dk','en_GB'),
    ((SELECT internalId FROM Tenant WHERE tenantID = 'PTTTEST'),'12345676','cgrant','ILoveWFM123?','cgrant@egemen.dk','en_GB'),
    ((SELECT internalId FROM Tenant WHERE tenantID = 'PTTPROD'),'12345676','cgrant','ILoveWFM123?','cgrant@egemen.dk','en_GB'),
    ((SELECT internalId FROM Tenant WHERE tenantID = 'MTFDEV'),'12345676','cgrant','ILoveWFM123?','cgrant@egemen.dk','en_GB'),
    ((SELECT internalId FROM Tenant WHERE tenantID = 'MTFTEST'),'12345676','cgrant','ILoveWFM123?','cgrant@egemen.dk','en_GB'),
    ((SELECT internalId FROM Tenant WHERE tenantID = 'MTFPROD'),'12345676','cgrant','ILoveWFM123?','cgrant@egemen.dk','en_GB'),
    ((SELECT internalId FROM Tenant WHERE tenantID = 'DKDEV'),'12345675','admin','ILoveWFM123?','admin@egemen.dk','en_GB'),
    ((SELECT internalId FROM Tenant WHERE tenantID = 'DKTEST'),'12345675','admin','ILoveWFM123?','admin@egemen.dk','en_GB'),
    ((SELECT internalId FROM Tenant WHERE tenantID = 'DKPROD'),'12345675','admin','ILoveWFM123?','admin@egemen.dk','en_GB'),
    ((SELECT internalId FROM Tenant WHERE tenantID = 'TDSDEV'),'12345675','admin','ILoveWFM123?','admin@egemen.dk','en_GB'),
    ((SELECT internalId FROM Tenant WHERE tenantID = 'TDSTEST'),'12345675','admin','ILoveWFM123?','admin@egemen.dk','en_GB'),
    ((SELECT internalId FROM Tenant WHERE tenantID = 'TDSPROD'),'12345675','admin','ILoveWFM123?','admin@egemen.dk','en_GB'),
    ((SELECT internalId FROM Tenant WHERE tenantID = 'PTTDEV'),'12345675','admin','ILoveWFM123?','admin@egemen.dk','en_GB'),
    ((SELECT internalId FROM Tenant WHERE tenantID = 'PTTTEST'),'12345675','admin','ILoveWFM123?','admin@egemen.dk','en_GB'),
    ((SELECT internalId FROM Tenant WHERE tenantID = 'PTTPROD'),'12345675','admin','ILoveWFM123?','admin@egemen.dk','en_GB'),
    ((SELECT internalId FROM Tenant WHERE tenantID = 'MTFDEV'),'12345675','admin','ILoveWFM123?','admin@egemen.dk','en_GB'),
    ((SELECT internalId FROM Tenant WHERE tenantID = 'MTFTEST'),'12345675','admin','ILoveWFM123?','admin@egemen.dk','en_GB'),
    ((SELECT internalId FROM Tenant WHERE tenantID = 'MTFPROD'),'12345675','admin','ILoveWFM123?','admin@egemen.dk','en_GB');

INSERT INTO PersonHistory
VALUES
    ((SELECT internalId FROM Person WHERE personId = '12345678' and tenant = (SELECT internalId FROM Tenant WHERE tenantID = 'DKDEV')),'2025-01-01','9999-12-31','John','Allen','Smith','John Smith'),
    ((SELECT internalId FROM Person WHERE personId = '12345678' and tenant = (SELECT internalId FROM Tenant WHERE tenantID = 'DKTEST')),'2025-01-01','9999-12-31','John','Allen','Smith','John Smith'),
    ((SELECT internalId FROM Person WHERE personId = '12345678' and tenant = (SELECT internalId FROM Tenant WHERE tenantID = 'DKPROD')),'2025-01-01','9999-12-31','John','Allen','Smith','John Smith'),
    ((SELECT internalId FROM Person WHERE personId = '12345678' and tenant = (SELECT internalId FROM Tenant WHERE tenantID = 'TDSDEV')),'2025-01-01','9999-12-31','John','Allen','Smith','John Smith'),
    ((SELECT internalId FROM Person WHERE personId = '12345678' and tenant = (SELECT internalId FROM Tenant WHERE tenantID = 'TDSTEST')),'2025-01-01','9999-12-31','John','Allen','Smith','John Smith'),
    ((SELECT internalId FROM Person WHERE personId = '12345678' and tenant = (SELECT internalId FROM Tenant WHERE tenantID = 'TDSPROD')),'2025-01-01','9999-12-31','John','Allen','Smith','John Smith'),
    ((SELECT internalId FROM Person WHERE personId = '12345678' and tenant = (SELECT internalId FROM Tenant WHERE tenantID = 'PTTDEV')),'2025-01-01','9999-12-31','John','Allen','Smith','John Smith'),
    ((SELECT internalId FROM Person WHERE personId = '12345678' and tenant = (SELECT internalId FROM Tenant WHERE tenantID = 'PTTTEST')),'2025-01-01','9999-12-31','John','Allen','Smith','John Smith'),
    ((SELECT internalId FROM Person WHERE personId = '12345678' and tenant = (SELECT internalId FROM Tenant WHERE tenantID = 'PTTPROD')),'2025-01-01','9999-12-31','John','Allen','Smith','John Smith'),
    ((SELECT internalId FROM Person WHERE personId = '12345678' and tenant = (SELECT internalId FROM Tenant WHERE tenantID = 'MTFDEV')),'2025-01-01','9999-12-31','John','Allen','Smith','John Smith'),
    ((SELECT internalId FROM Person WHERE personId = '12345678' and tenant = (SELECT internalId FROM Tenant WHERE tenantID = 'MTFTEST')),'2025-01-01','9999-12-31','John','Allen','Smith','John Smith'),
    ((SELECT internalId FROM Person WHERE personId = '12345678' and tenant = (SELECT internalId FROM Tenant WHERE tenantID = 'MTFPROD')),'2025-01-01','9999-12-31','John','Allen','Smith','John Smith'),
    ((SELECT internalId FROM Person WHERE personId = '12345676' and tenant = (SELECT internalId FROM Tenant WHERE tenantID = 'DKDEV')),'2025-01-01','9999-12-31','Carla','','Grant','Carla Grant'),
    ((SELECT internalId FROM Person WHERE personId = '12345676' and tenant = (SELECT internalId FROM Tenant WHERE tenantID = 'DKTEST')),'2025-01-01','9999-12-31','Carla','','Grant','Carla Grant'),
    ((SELECT internalId FROM Person WHERE personId = '12345676' and tenant = (SELECT internalId FROM Tenant WHERE tenantID = 'DKPROD')),'2025-01-01','9999-12-31','Carla','','Grant','Carla Grant'),
    ((SELECT internalId FROM Person WHERE personId = '12345676' and tenant = (SELECT internalId FROM Tenant WHERE tenantID = 'TDSDEV')),'2025-01-01','9999-12-31','Carla','','Grant','Carla Grant'),
    ((SELECT internalId FROM Person WHERE personId = '12345676' and tenant = (SELECT internalId FROM Tenant WHERE tenantID = 'TDSTEST')),'2025-01-01','9999-12-31','Carla','','Grant','Carla Grant'),
    ((SELECT internalId FROM Person WHERE personId = '12345676' and tenant = (SELECT internalId FROM Tenant WHERE tenantID = 'TDSPROD')),'2025-01-01','9999-12-31','Carla','','Grant','Carla Grant'),
    ((SELECT internalId FROM Person WHERE personId = '12345676' and tenant = (SELECT internalId FROM Tenant WHERE tenantID = 'PTTDEV')),'2025-01-01','9999-12-31','Carla','','Grant','Carla Grant'),
    ((SELECT internalId FROM Person WHERE personId = '12345676' and tenant = (SELECT internalId FROM Tenant WHERE tenantID = 'PTTTEST')),'2025-01-01','9999-12-31','Carla','','Grant','Carla Grant'),
    ((SELECT internalId FROM Person WHERE personId = '12345676' and tenant = (SELECT internalId FROM Tenant WHERE tenantID = 'PTTPROD')),'2025-01-01','9999-12-31','Carla','','Grant','Carla Grant'),
    ((SELECT internalId FROM Person WHERE personId = '12345676' and tenant = (SELECT internalId FROM Tenant WHERE tenantID = 'MTFDEV')),'2025-01-01','9999-12-31','Carla','','Grant','Carla Grant'),
    ((SELECT internalId FROM Person WHERE personId = '12345676' and tenant = (SELECT internalId FROM Tenant WHERE tenantID = 'MTFTEST')),'2025-01-01','9999-12-31','Carla','','Grant','Carla Grant'),
    ((SELECT internalId FROM Person WHERE personId = '12345676' and tenant = (SELECT internalId FROM Tenant WHERE tenantID = 'MTFPROD')),'2025-01-01','9999-12-31','Carla','','Grant','Carla Grant'),
    ((SELECT internalId FROM Person WHERE personId = '12345675' and tenant = (SELECT internalId FROM Tenant WHERE tenantID = 'DKDEV')),'2025-01-01','9999-12-31','System','','Admin','System Admin'),
    ((SELECT internalId FROM Person WHERE personId = '12345675' and tenant = (SELECT internalId FROM Tenant WHERE tenantID = 'DKTEST')),'2025-01-01','9999-12-31','System','','Admin','System Admin'),
    ((SELECT internalId FROM Person WHERE personId = '12345675' and tenant = (SELECT internalId FROM Tenant WHERE tenantID = 'DKPROD')),'2025-01-01','9999-12-31','System','','Admin','System Admin'),
    ((SELECT internalId FROM Person WHERE personId = '12345675' and tenant = (SELECT internalId FROM Tenant WHERE tenantID = 'TDSDEV')),'2025-01-01','9999-12-31','System','','Admin','System Admin'),
    ((SELECT internalId FROM Person WHERE personId = '12345675' and tenant = (SELECT internalId FROM Tenant WHERE tenantID = 'TDSTEST')),'2025-01-01','9999-12-31','System','','Admin','System Admin'),
    ((SELECT internalId FROM Person WHERE personId = '12345675' and tenant = (SELECT internalId FROM Tenant WHERE tenantID = 'TDSPROD')),'2025-01-01','9999-12-31','System','','Admin','System Admin'),
    ((SELECT internalId FROM Person WHERE personId = '12345675' and tenant = (SELECT internalId FROM Tenant WHERE tenantID = 'PTTDEV')),'2025-01-01','9999-12-31','System','','Admin','System Admin'),
    ((SELECT internalId FROM Person WHERE personId = '12345675' and tenant = (SELECT internalId FROM Tenant WHERE tenantID = 'PTTTEST')),'2025-01-01','9999-12-31','System','','Admin','System Admin'),
    ((SELECT internalId FROM Person WHERE personId = '12345675' and tenant = (SELECT internalId FROM Tenant WHERE tenantID = 'PTTPROD')),'2025-01-01','9999-12-31','System','','Admin','System Admin'),
    ((SELECT internalId FROM Person WHERE personId = '12345675' and tenant = (SELECT internalId FROM Tenant WHERE tenantID = 'MTFDEV')),'2025-01-01','9999-12-31','System','','Admin','System Admin'),
    ((SELECT internalId FROM Person WHERE personId = '12345675' and tenant = (SELECT internalId FROM Tenant WHERE tenantID = 'MTFTEST')),'2025-01-01','9999-12-31','System','','Admin','System Admin'),
    ((SELECT internalId FROM Person WHERE personId = '12345675' and tenant = (SELECT internalId FROM Tenant WHERE tenantID = 'MTFPROD')),'2025-01-01','9999-12-31','System','','Admin','System Admin');

INSERT INTO Employment (tenant,person,employeeID,status,primaryEmployment,hireDate)
VALUES
    ((SELECT internalId FROM Tenant WHERE tenantID = 'DKDEV'),(SELECT internalId FROM Person WHERE personId = '12345678' and tenant = (SELECT internalId FROM Tenant WHERE tenantID = 'DKDEV')),'12345678','active','true','2025-01-01'),
    ((SELECT internalId FROM Tenant WHERE tenantID = 'DKTEST'),(SELECT internalId FROM Person WHERE personId = '12345678' and tenant = (SELECT internalId FROM Tenant WHERE tenantID = 'DKTEST')),'12345678','active','true','2025-01-01'),
    ((SELECT internalId FROM Tenant WHERE tenantID = 'DKPROD'),(SELECT internalId FROM Person WHERE personId = '12345678' and tenant = (SELECT internalId FROM Tenant WHERE tenantID = 'DKPROD')),'12345678','active','true','2025-01-01'),
    ((SELECT internalId FROM Tenant WHERE tenantID = 'TDSDEV'),(SELECT internalId FROM Person WHERE personId = '12345678' and tenant = (SELECT internalId FROM Tenant WHERE tenantID = 'TDSDEV')),'12345678','active','true','2025-01-01'),
    ((SELECT internalId FROM Tenant WHERE tenantID = 'TDSTEST'),(SELECT internalId FROM Person WHERE personId = '12345678' and tenant = (SELECT internalId FROM Tenant WHERE tenantID = 'TDSTEST')),'12345678','active','true','2025-01-01'),
    ((SELECT internalId FROM Tenant WHERE tenantID = 'TDSPROD'),(SELECT internalId FROM Person WHERE personId = '12345678' and tenant = (SELECT internalId FROM Tenant WHERE tenantID = 'TDSPROD')),'12345678','active','true','2025-01-01'),
    ((SELECT internalId FROM Tenant WHERE tenantID = 'PTTDEV'),(SELECT internalId FROM Person WHERE personId = '12345678' and tenant = (SELECT internalId FROM Tenant WHERE tenantID = 'PTTDEV')),'12345678','active','true','2025-01-01'),
    ((SELECT internalId FROM Tenant WHERE tenantID = 'PTTTEST'),(SELECT internalId FROM Person WHERE personId = '12345678' and tenant = (SELECT internalId FROM Tenant WHERE tenantID = 'PTTTEST')),'12345678','active','true','2025-01-01'),
    ((SELECT internalId FROM Tenant WHERE tenantID = 'PTTPROD'),(SELECT internalId FROM Person WHERE personId = '12345678' and tenant = (SELECT internalId FROM Tenant WHERE tenantID = 'PTTPROD')),'12345678','active','true','2025-01-01'),
    ((SELECT internalId FROM Tenant WHERE tenantID = 'MTFDEV'),(SELECT internalId FROM Person WHERE personId = '12345678' and tenant = (SELECT internalId FROM Tenant WHERE tenantID = 'MTFDEV')),'12345678','active','true','2025-01-01'),
    ((SELECT internalId FROM Tenant WHERE tenantID = 'MTFTEST'),(SELECT internalId FROM Person WHERE personId = '12345678' and tenant = (SELECT internalId FROM Tenant WHERE tenantID = 'MTFTEST')),'12345678','active','true','2025-01-01'),
    ((SELECT internalId FROM Tenant WHERE tenantID = 'MTFPROD'),(SELECT internalId FROM Person WHERE personId = '12345678' and tenant = (SELECT internalId FROM Tenant WHERE tenantID = 'MTFPROD')),'12345678','active','true','2025-01-01'),
    ((SELECT internalId FROM Tenant WHERE tenantID = 'DKDEV'),(SELECT internalId FROM Person WHERE personId = '12345676' and tenant = (SELECT internalId FROM Tenant WHERE tenantID = 'DKDEV')),'12345676','active','true','2025-01-01'),
    ((SELECT internalId FROM Tenant WHERE tenantID = 'DKTEST'),(SELECT internalId FROM Person WHERE personId = '12345676' and tenant = (SELECT internalId FROM Tenant WHERE tenantID = 'DKTEST')),'12345676','active','true','2025-01-01'),
    ((SELECT internalId FROM Tenant WHERE tenantID = 'DKPROD'),(SELECT internalId FROM Person WHERE personId = '12345676' and tenant = (SELECT internalId FROM Tenant WHERE tenantID = 'DKPROD')),'12345676','active','true','2025-01-01'),
    ((SELECT internalId FROM Tenant WHERE tenantID = 'TDSDEV'),(SELECT internalId FROM Person WHERE personId = '12345676' and tenant = (SELECT internalId FROM Tenant WHERE tenantID = 'TDSDEV')),'12345676','active','true','2025-01-01'),
    ((SELECT internalId FROM Tenant WHERE tenantID = 'TDSTEST'),(SELECT internalId FROM Person WHERE personId = '12345676' and tenant = (SELECT internalId FROM Tenant WHERE tenantID = 'TDSTEST')),'12345676','active','true','2025-01-01'),
    ((SELECT internalId FROM Tenant WHERE tenantID = 'TDSPROD'),(SELECT internalId FROM Person WHERE personId = '12345676' and tenant = (SELECT internalId FROM Tenant WHERE tenantID = 'TDSPROD')),'12345676','active','true','2025-01-01'),
    ((SELECT internalId FROM Tenant WHERE tenantID = 'PTTDEV'),(SELECT internalId FROM Person WHERE personId = '12345676' and tenant = (SELECT internalId FROM Tenant WHERE tenantID = 'PTTDEV')),'12345676','active','true','2025-01-01'),
    ((SELECT internalId FROM Tenant WHERE tenantID = 'PTTTEST'),(SELECT internalId FROM Person WHERE personId = '12345676' and tenant = (SELECT internalId FROM Tenant WHERE tenantID = 'PTTTEST')),'12345676','active','true','2025-01-01'),
    ((SELECT internalId FROM Tenant WHERE tenantID = 'PTTPROD'),(SELECT internalId FROM Person WHERE personId = '12345676' and tenant = (SELECT internalId FROM Tenant WHERE tenantID = 'PTTPROD')),'12345676','active','true','2025-01-01'),
    ((SELECT internalId FROM Tenant WHERE tenantID = 'MTFDEV'),(SELECT internalId FROM Person WHERE personId = '12345676' and tenant = (SELECT internalId FROM Tenant WHERE tenantID = 'MTFDEV')),'12345676','active','true','2025-01-01'),
    ((SELECT internalId FROM Tenant WHERE tenantID = 'MTFTEST'),(SELECT internalId FROM Person WHERE personId = '12345676' and tenant = (SELECT internalId FROM Tenant WHERE tenantID = 'MTFTEST')),'12345676','active','true','2025-01-01'),
    ((SELECT internalId FROM Tenant WHERE tenantID = 'MTFPROD'),(SELECT internalId FROM Person WHERE personId = '12345676' and tenant = (SELECT internalId FROM Tenant WHERE tenantID = 'MTFPROD')),'12345676','active','true','2025-01-01'),
    ((SELECT internalId FROM Tenant WHERE tenantID = 'DKDEV'),(SELECT internalId FROM Person WHERE personId = '12345675' and tenant = (SELECT internalId FROM Tenant WHERE tenantID = 'DKDEV')),'12345675','active','true','2025-01-01'),
    ((SELECT internalId FROM Tenant WHERE tenantID = 'DKTEST'),(SELECT internalId FROM Person WHERE personId = '12345675' and tenant = (SELECT internalId FROM Tenant WHERE tenantID = 'DKTEST')),'12345675','active','true','2025-01-01'),
    ((SELECT internalId FROM Tenant WHERE tenantID = 'DKPROD'),(SELECT internalId FROM Person WHERE personId = '12345675' and tenant = (SELECT internalId FROM Tenant WHERE tenantID = 'DKPROD')),'12345675','active','true','2025-01-01'),
    ((SELECT internalId FROM Tenant WHERE tenantID = 'TDSDEV'),(SELECT internalId FROM Person WHERE personId = '12345675' and tenant = (SELECT internalId FROM Tenant WHERE tenantID = 'TDSDEV')),'12345675','active','true','2025-01-01'),
    ((SELECT internalId FROM Tenant WHERE tenantID = 'TDSTEST'),(SELECT internalId FROM Person WHERE personId = '12345675' and tenant = (SELECT internalId FROM Tenant WHERE tenantID = 'TDSTEST')),'12345675','active','true','2025-01-01'),
    ((SELECT internalId FROM Tenant WHERE tenantID = 'TDSPROD'),(SELECT internalId FROM Person WHERE personId = '12345675' and tenant = (SELECT internalId FROM Tenant WHERE tenantID = 'TDSPROD')),'12345675','active','true','2025-01-01'),
    ((SELECT internalId FROM Tenant WHERE tenantID = 'PTTDEV'),(SELECT internalId FROM Person WHERE personId = '12345675' and tenant = (SELECT internalId FROM Tenant WHERE tenantID = 'PTTDEV')),'12345675','active','true','2025-01-01'),
    ((SELECT internalId FROM Tenant WHERE tenantID = 'PTTTEST'),(SELECT internalId FROM Person WHERE personId = '12345675' and tenant = (SELECT internalId FROM Tenant WHERE tenantID = 'PTTTEST')),'12345675','active','true','2025-01-01'),
    ((SELECT internalId FROM Tenant WHERE tenantID = 'PTTPROD'),(SELECT internalId FROM Person WHERE personId = '12345675' and tenant = (SELECT internalId FROM Tenant WHERE tenantID = 'PTTPROD')),'12345675','active','true','2025-01-01'),
    ((SELECT internalId FROM Tenant WHERE tenantID = 'MTFDEV'),(SELECT internalId FROM Person WHERE personId = '12345675' and tenant = (SELECT internalId FROM Tenant WHERE tenantID = 'MTFDEV')),'12345675','active','true','2025-01-01'),
    ((SELECT internalId FROM Tenant WHERE tenantID = 'MTFTEST'),(SELECT internalId FROM Person WHERE personId = '12345675' and tenant = (SELECT internalId FROM Tenant WHERE tenantID = 'MTFTEST')),'12345675','active','true','2025-01-01'),
    ((SELECT internalId FROM Tenant WHERE tenantID = 'MTFPROD'),(SELECT internalId FROM Person WHERE personId = '12345675' and tenant = (SELECT internalId FROM Tenant WHERE tenantID = 'MTFPROD')),'12345675','active','true','2025-01-01');

INSERT INTO EmploymentHistory (employment,startDate,endDate,event,status,company,manager,hr)
VALUES
    ((SELECT internalId FROM Employment WHERE employeeId = '12345678' and tenant = (SELECT internalId FROM Tenant WHERE tenantID = 'DKDEV')),'2025-01-01','9999-12-31','hire','active',(SELECT internalId FROM Company WHERE externalId = 'SS01'),null,null),
    ((SELECT internalId FROM Employment WHERE employeeId = '12345678' and tenant = (SELECT internalId FROM Tenant WHERE tenantID = 'DKTEST')),'2025-01-01','9999-12-31','hire','active',(SELECT internalId FROM Company WHERE externalId = 'SS02'),null,null),
    ((SELECT internalId FROM Employment WHERE employeeId = '12345678' and tenant = (SELECT internalId FROM Tenant WHERE tenantID = 'DKPROD')),'2025-01-01','9999-12-31','hire','active',(SELECT internalId FROM Company WHERE externalId = 'SS03'),null,null),
    ((SELECT internalId FROM Employment WHERE employeeId = '12345678' and tenant = (SELECT internalId FROM Tenant WHERE tenantID = 'TDSDEV')),'2025-01-01','9999-12-31','hire','active',(SELECT internalId FROM Company WHERE externalId = 'SS04'),null,null),
    ((SELECT internalId FROM Employment WHERE employeeId = '12345678' and tenant = (SELECT internalId FROM Tenant WHERE tenantID = 'TDSTEST')),'2025-01-01','9999-12-31','hire','active',(SELECT internalId FROM Company WHERE externalId = 'SS05'),null,null),
    ((SELECT internalId FROM Employment WHERE employeeId = '12345678' and tenant = (SELECT internalId FROM Tenant WHERE tenantID = 'TDSPROD')),'2025-01-01','9999-12-31','hire','active',(SELECT internalId FROM Company WHERE externalId = 'SS06'),null,null),
    ((SELECT internalId FROM Employment WHERE employeeId = '12345678' and tenant = (SELECT internalId FROM Tenant WHERE tenantID = 'PTTDEV')),'2025-01-01','9999-12-31','hire','active',(SELECT internalId FROM Company WHERE externalId = 'SS07'),null,null),
    ((SELECT internalId FROM Employment WHERE employeeId = '12345678' and tenant = (SELECT internalId FROM Tenant WHERE tenantID = 'PTTTEST')),'2025-01-01','9999-12-31','hire','active',(SELECT internalId FROM Company WHERE externalId = 'SS08'),null,null),
    ((SELECT internalId FROM Employment WHERE employeeId = '12345678' and tenant = (SELECT internalId FROM Tenant WHERE tenantID = 'PTTPROD')),'2025-01-01','9999-12-31','hire','active',(SELECT internalId FROM Company WHERE externalId = 'SS09'),null,null),
    ((SELECT internalId FROM Employment WHERE employeeId = '12345678' and tenant = (SELECT internalId FROM Tenant WHERE tenantID = 'MTFDEV')),'2025-01-01','9999-12-31','hire','active',(SELECT internalId FROM Company WHERE externalId = 'SS10'),null,null),
    ((SELECT internalId FROM Employment WHERE employeeId = '12345678' and tenant = (SELECT internalId FROM Tenant WHERE tenantID = 'MTFTEST')),'2025-01-01','9999-12-31','hire','active',(SELECT internalId FROM Company WHERE externalId = 'SS11'),null,null),
    ((SELECT internalId FROM Employment WHERE employeeId = '12345678' and tenant = (SELECT internalId FROM Tenant WHERE tenantID = 'MTFPROD')),'2025-01-01','9999-12-31','hire','active',(SELECT internalId FROM Company WHERE externalId = 'SS12'),null,null),
    ((SELECT internalId FROM Employment WHERE employeeId = '12345676' and tenant = (SELECT internalId FROM Tenant WHERE tenantID = 'DKDEV')),'2025-01-01','9999-12-31','hire','active',(SELECT internalId FROM Company WHERE externalId = 'SS01'),(SELECT internalId FROM Employment WHERE employeeId = '12345678' and tenant = (SELECT internalId FROM Tenant WHERE tenantID = 'DKDEV')),null),
    ((SELECT internalId FROM Employment WHERE employeeId = '12345676' and tenant = (SELECT internalId FROM Tenant WHERE tenantID = 'DKTEST')),'2025-01-01','9999-12-31','hire','active',(SELECT internalId FROM Company WHERE externalId = 'SS02'),(SELECT internalId FROM Employment WHERE employeeId = '12345678' and tenant = (SELECT internalId FROM Tenant WHERE tenantID = 'DKTEST')),null),
    ((SELECT internalId FROM Employment WHERE employeeId = '12345676' and tenant = (SELECT internalId FROM Tenant WHERE tenantID = 'DKPROD')),'2025-01-01','9999-12-31','hire','active',(SELECT internalId FROM Company WHERE externalId = 'SS03'),(SELECT internalId FROM Employment WHERE employeeId = '12345678' and tenant = (SELECT internalId FROM Tenant WHERE tenantID = 'DKPROD')),null),
    ((SELECT internalId FROM Employment WHERE employeeId = '12345676' and tenant = (SELECT internalId FROM Tenant WHERE tenantID = 'TDSDEV')),'2025-01-01','9999-12-31','hire','active',(SELECT internalId FROM Company WHERE externalId = 'SS04'),(SELECT internalId FROM Employment WHERE employeeId = '12345678' and tenant = (SELECT internalId FROM Tenant WHERE tenantID = 'TDSDEV')),null),
    ((SELECT internalId FROM Employment WHERE employeeId = '12345676' and tenant = (SELECT internalId FROM Tenant WHERE tenantID = 'TDSTEST')),'2025-01-01','9999-12-31','hire','active',(SELECT internalId FROM Company WHERE externalId = 'SS05'),(SELECT internalId FROM Employment WHERE employeeId = '12345678' and tenant = (SELECT internalId FROM Tenant WHERE tenantID = 'TDSTEST')),null),
    ((SELECT internalId FROM Employment WHERE employeeId = '12345676' and tenant = (SELECT internalId FROM Tenant WHERE tenantID = 'TDSPROD')),'2025-01-01','9999-12-31','hire','active',(SELECT internalId FROM Company WHERE externalId = 'SS06'),(SELECT internalId FROM Employment WHERE employeeId = '12345678' and tenant = (SELECT internalId FROM Tenant WHERE tenantID = 'TDSPROD')),null),
    ((SELECT internalId FROM Employment WHERE employeeId = '12345676' and tenant = (SELECT internalId FROM Tenant WHERE tenantID = 'PTTDEV')),'2025-01-01','9999-12-31','hire','active',(SELECT internalId FROM Company WHERE externalId = 'SS07'),(SELECT internalId FROM Employment WHERE employeeId = '12345678' and tenant = (SELECT internalId FROM Tenant WHERE tenantID = 'PTTDEV')),null),
    ((SELECT internalId FROM Employment WHERE employeeId = '12345676' and tenant = (SELECT internalId FROM Tenant WHERE tenantID = 'PTTTEST')),'2025-01-01','9999-12-31','hire','active',(SELECT internalId FROM Company WHERE externalId = 'SS08'),(SELECT internalId FROM Employment WHERE employeeId = '12345678' and tenant = (SELECT internalId FROM Tenant WHERE tenantID = 'PTTTEST')),null),
    ((SELECT internalId FROM Employment WHERE employeeId = '12345676' and tenant = (SELECT internalId FROM Tenant WHERE tenantID = 'PTTPROD')),'2025-01-01','9999-12-31','hire','active',(SELECT internalId FROM Company WHERE externalId = 'SS09'),(SELECT internalId FROM Employment WHERE employeeId = '12345678' and tenant = (SELECT internalId FROM Tenant WHERE tenantID = 'PTTPROD')),null),
    ((SELECT internalId FROM Employment WHERE employeeId = '12345676' and tenant = (SELECT internalId FROM Tenant WHERE tenantID = 'MTFDEV')),'2025-01-01','9999-12-31','hire','active',(SELECT internalId FROM Company WHERE externalId = 'SS10'),(SELECT internalId FROM Employment WHERE employeeId = '12345678' and tenant = (SELECT internalId FROM Tenant WHERE tenantID = 'MTFDEV')),null),
    ((SELECT internalId FROM Employment WHERE employeeId = '12345676' and tenant = (SELECT internalId FROM Tenant WHERE tenantID = 'MTFTEST')),'2025-01-01','9999-12-31','hire','active',(SELECT internalId FROM Company WHERE externalId = 'SS11'),(SELECT internalId FROM Employment WHERE employeeId = '12345678' and tenant = (SELECT internalId FROM Tenant WHERE tenantID = 'MTFTEST')),null),
    ((SELECT internalId FROM Employment WHERE employeeId = '12345676' and tenant = (SELECT internalId FROM Tenant WHERE tenantID = 'MTFPROD')),'2025-01-01','9999-12-31','hire','active',(SELECT internalId FROM Company WHERE externalId = 'SS12'),(SELECT internalId FROM Employment WHERE employeeId = '12345678' and tenant = (SELECT internalId FROM Tenant WHERE tenantID = 'MTFPROD')),null),
    ((SELECT internalId FROM Employment WHERE employeeId = '12345675' and tenant = (SELECT internalId FROM Tenant WHERE tenantID = 'DKDEV')),'2025-01-01','9999-12-31','hire','active',(SELECT internalId FROM Company WHERE externalId = 'SS01'),null,null),
    ((SELECT internalId FROM Employment WHERE employeeId = '12345675' and tenant = (SELECT internalId FROM Tenant WHERE tenantID = 'DKTEST')),'2025-01-01','9999-12-31','hire','active',(SELECT internalId FROM Company WHERE externalId = 'SS02'),null,null),
    ((SELECT internalId FROM Employment WHERE employeeId = '12345675' and tenant = (SELECT internalId FROM Tenant WHERE tenantID = 'DKPROD')),'2025-01-01','9999-12-31','hire','active',(SELECT internalId FROM Company WHERE externalId = 'SS03'),null,null),
    ((SELECT internalId FROM Employment WHERE employeeId = '12345675' and tenant = (SELECT internalId FROM Tenant WHERE tenantID = 'TDSDEV')),'2025-01-01','9999-12-31','hire','active',(SELECT internalId FROM Company WHERE externalId = 'SS04'),null,null),
    ((SELECT internalId FROM Employment WHERE employeeId = '12345675' and tenant = (SELECT internalId FROM Tenant WHERE tenantID = 'TDSTEST')),'2025-01-01','9999-12-31','hire','active',(SELECT internalId FROM Company WHERE externalId = 'SS05'),null,null),
    ((SELECT internalId FROM Employment WHERE employeeId = '12345675' and tenant = (SELECT internalId FROM Tenant WHERE tenantID = 'TDSPROD')),'2025-01-01','9999-12-31','hire','active',(SELECT internalId FROM Company WHERE externalId = 'SS06'),null,null),
    ((SELECT internalId FROM Employment WHERE employeeId = '12345675' and tenant = (SELECT internalId FROM Tenant WHERE tenantID = 'PTTDEV')),'2025-01-01','9999-12-31','hire','active',(SELECT internalId FROM Company WHERE externalId = 'SS07'),null,null),
    ((SELECT internalId FROM Employment WHERE employeeId = '12345675' and tenant = (SELECT internalId FROM Tenant WHERE tenantID = 'PTTTEST')),'2025-01-01','9999-12-31','hire','active',(SELECT internalId FROM Company WHERE externalId = 'SS08'),null,null),
    ((SELECT internalId FROM Employment WHERE employeeId = '12345675' and tenant = (SELECT internalId FROM Tenant WHERE tenantID = 'PTTPROD')),'2025-01-01','9999-12-31','hire','active',(SELECT internalId FROM Company WHERE externalId = 'SS09'),null,null),
    ((SELECT internalId FROM Employment WHERE employeeId = '12345675' and tenant = (SELECT internalId FROM Tenant WHERE tenantID = 'MTFDEV')),'2025-01-01','9999-12-31','hire','active',(SELECT internalId FROM Company WHERE externalId = 'SS10'),null,null),
    ((SELECT internalId FROM Employment WHERE employeeId = '12345675' and tenant = (SELECT internalId FROM Tenant WHERE tenantID = 'MTFTEST')),'2025-01-01','9999-12-31','hire','active',(SELECT internalId FROM Company WHERE externalId = 'SS11'),null,null),
    ((SELECT internalId FROM Employment WHERE employeeId = '12345675' and tenant = (SELECT internalId FROM Tenant WHERE tenantID = 'MTFPROD')),'2025-01-01','9999-12-31','hire','active',(SELECT internalId FROM Company WHERE externalId = 'SS12'),null,null);